2|I|3|競速的張力，從構圖開始|兩個擬人角色圍繞輪胎相互對峙，黃色粗體字躍出暗色背景。|斜向姿態與煙霧把視線推向中心，讓靜態封面也有速度感。
3|B|t|一杯咖啡，建立完整識別|黑白介面放大咖啡杯與品牌名稱，少量橙色出現在外層展示。|圖形標誌在杯身與字標間重複，形成一致的品牌記憶。
6|U|p|用手的尺度，解釋產品|手持手機的近景佔據畫面，柔和綠色與留白突出機身輪廓。|真實握持姿態提供尺度參照，讓產品更容易被想像為日常物件。
8|I|3|讓聲音擁有可見的世界|深藍山谷與霧氣包圍中央場景，小段白字靠左安置。|場景的遠近亮度形成空間層次，文字保持在較平靜的區域。
10|B|3|讓工作室以角色現身|螢幕頭像與發光雙眼成為灰色畫面的中心，資訊分列兩側。|角色承擔情感焦點，簡短文案與小型入口維持導覽秩序。
12|A|p|從建築表皮觀察視覺節奏|航拍視角展現銀白屋頂及周邊植被，折面結構形成鮮明輪廓。|重複的金屬肌理與大片自然色彩，提供密度和材質對照。
13|B|s|讓產品輪廓在暗部浮現|黑色背景中，飛行器的金屬折面被細微高光勾勒。|限制光照範圍可以聚焦形體，但關鍵文字仍需要足夠對比。
14|I|g|把設計團隊化為可選角色|木架般的格子排列不同人物，前景角色放大形成層級。|一致的角色格位讓繁多內容仍有秩序，呈現近似遊戲選角的語彙。
15|T|i|像素與字形的交叉實驗|橙紅像素馬躍過巨型線框字母，深灰背景承托鮮亮主體。|實心與空心、微小像素與大尺度文字形成多重對比。
16|B|3|以天空留白承托設計品牌|藍色雲層中懸浮金屬標誌，頂部大字延伸至畫面邊界。|雲霧提供柔軟背景，冷硬標誌則建立清楚的材質反差。
17|B|e|把能力濃縮為一張作品桌|網站與平面設計畫面層疊於中央，外圍以柔焦橙色包圍。|不同成果共享一個展示框架，讓作品間的關聯先於詳細說明出現。
19|I|3|以城市地圖承載探索|俯視城市充滿建築與道路，中央綠色場域成為醒目座標。|複雜場景需要一個可辨認的視覺中心，協助建立探索方向。
20|R|e|一期更新，一張靈感拼貼|建築入口、圖標與藝術物件集合於同一封面，標題與期號靠上排列。|拼貼呈現多種創作尺度；閱讀時可比較它們如何各自建立焦點。
21|U|n|環繞式畫廊的元件線索|原收藏指向 Framer 的 Orbiting Gallery 元件；附件未保存可用預覽圖。|保留元件名稱與來源入口，不據此推斷其實際動效與操作表現。
22|A|e|為女性藝術家的作品搭建展窗|不同尺寸畫作在粉色背景上傾斜排列，保留各自的裝裱邊界。|多樣作品由共同底色連接，讓差異成為展覽本身的內容。
23|I|u|用一句話引出空間展示|兩側模糊畫作圍繞中央標題，白色空間保持清晰簡潔。|標誌與文字形成垂直閱讀軸，藝術內容退居邊緣作為情境提示。
25|I|s|陌生角色與熟悉空間|銀色電梯內站立毛絨般的人形，冷光強調牆面反射。|材質的異質性比堆疊裝飾更能製造記憶點與敘事懸念。
27|B|3|用雕塑語彙塑造運動身份|藍底中央放置持球拍的人物雕像，姓名橫跨兩側。|人物姿態提供身份線索，姓名的左右分佈使主體不被遮蔽。
28|B|p|用人物視角打開技術敘事|背向觀眾的人物面向開闊天空，左下文案說明組織主張。|人的尺度與遠景形成對照，為抽象技術議題加入觀看位置。
29|B|e|把設計社群表現為一疊交流|便箋、印刷品與人物影像交錯，左側保留簡短宣言。|紙張邊緣與重疊關係營造共同工作中的手感與密度。
30|B|t|以經典招募姿態邀請創作者|金色人物伸手指向觀眾，大型襯線標題在黑底上佔據左半。|熟悉的姿勢與清晰按鈕相配合，將視線轉向具體行動入口。
32|R|e|用拼貼閱讀一週的視覺趨勢|多張設計畫面與放大文字覆蓋地圖般的底層，藍色成為連接線索。|並置式封面適合比較色彩、字體與內容密度，而非直接推定趨勢結論。
33|U|u|用裝置框架聚焦金融介面|筆電螢幕展示橙色漸層首頁，支付卡片圖像集中在中央。|機身框架界定介面邊界，鮮亮色彩使產品主張成為第一閱讀層。
34|I|3|把產品更新放進數位森林|森林場景覆蓋細密顆粒，白色文字沿空間軌跡排布。|文字與環境共用縱深，讓更新入口呈現探索式的視覺氣氛。
37|B|e|用漂浮作品建立創意印象|多張網站畫面以不同角度懸浮在簡潔背景前。|前後遮擋與尺度差把作品排列成一組有主次的展示。
38|B|c|把創作能量變成第一印象|金黃火焰般的形態位於深色畫面中央，粗體宣言安置左下。|明度最高處建立焦點，文字避開主體最複雜的區域。
39|R|t|以文字密度回看社群平台|藍色巨字覆蓋歷史畫作式的群像，標題帶有鮮明敘事口吻。|時代語境與古典畫面的碰撞，適合作為長篇專題的情緒入口。
40|B|c|讓空間色彩延伸成導覽|色彩豐富的室內照片配合左側彩色欄位，中央白字交代品牌。|導覽色與場景色互相呼應，資訊架構因此融入整體氣氛。
41|B|p|以熟悉的展示場景談設計|藍色舞台中的演講者作為大幅背景，小型文字與刻度退到邊緣。|影像提供情境，但不宜讓人物知名度取代服務內容的清楚表達。
42|U|3|把服務流程轉譯為立體系統|淡藍空間中散布小型方塊裝置，中央標題由兩行文字組成。|斜向空間與細線建立系統感，少量紅色為連接關係提供提示。
43|B|c|把色塊作為強烈的視覺停頓|附件畫面以大幅純紅矩形覆蓋室內影像，內容停留在極簡狀態。|可以觀察紅色如何建立視覺張力；此截圖不足以判斷完整導覽。
44|B|c|讓汽水的個性成為主色|橙紅背景襯托傾斜瓶身，白色標題與透明玻璃相互疊合。|單一強色統一畫面，瓶子的角度則引入輕快節奏。
45|I|i|用插畫重新表達安全議題|紫色球形載具置於綠色地景，粉紫天空與小型標籤構成介面。|抽象服務被轉成可辨識場景，但操作意義仍需文字輔助。
46|R|i|把 AI 工具擬人化為封面|帶有 Figma 標誌的機器人坐在筆電前，藍光勾勒輪廓。|擬人圖像可迅速交代話題；實際功能範圍仍須回到文章與產品核實。
47|B|e|讓動態影像透過形狀被看見|白色網頁框內有不規則影像窗口，外層背景保留多幅運動畫面。|裁切形狀建立識別，周邊畫面則補充作品領域。
48|B|3|用球體表達連接與規模|半透明藍色球體浮於淺色背景，黑色小方塊散布其上。|中心量體與細小標記形成尺度差，抽象化呈現網絡關係。
49|A|u|把創作宣言排成工具面板|深色直式畫面中，文字與小型介面卡片疊成多層資訊。|像工具面板的分區讓宣言不只是一段長文，也具有視覺閱讀節奏。
50|A|s|以建材與光線構想異想空間|圓頂建築、跑車與孤立人物置於昏暗地景，冷色表面映出微光。|熟悉物件與陌生建築比例並置，形成安靜而不尋常的場景張力。
51|A|s|把聲音想像為家具材質|深色室內擺放低矮金屬家具，地面冷光強調輪廓與反射。|統一的材質和低重心形態，使不同家具被讀成一個系列。
52|I|s|以輕盈材質承托數位敘事|粉紫背景中展開半透明橙粉形態，大型斜體字沿底部延伸。|柔軟形體與纖細字形互相呼應，形成輕盈而連續的視覺語言。
53|A|e|讓插畫與操作說明共同說話|黑白人物照片與彩色插畫並置，步驟文字和小圖標構成外框。|局部彩色建立趣味焦點，編號與框線保持教學的可讀性。
54|B|p|用真實食物喚起品牌感官|雙手持著紅色罐頭，黃色字標與藍色布料形成鮮明對比。|產品直接佔據畫面中心，包裝本身完成大部分品牌識別。
55|R|i|以單一視覺母題整理更新|黑底上呈現發光線條般的人物與幾何形態，期號位於上角。|限制色彩讓線條密度成為焦點，可作為觀察封面統一性的切口。
56|B|c|以色彩轉折表達未知與轉化|暖色天空與藍紫山脈相接，中央球形元素承載細長標題。|冷暖色在地平線相遇，使文字的敘事焦點與場景轉折重合。
57|I|3|讓聲音世界具有遊戲場景感|發光物件與多個小畫面懸浮於深色環境，橙紫光線勾出輪廓。|多焦點場景需要以亮度和距離分出先後，才能保留探索節奏。
58|I|3|以幾何地標建立未來場域|藍色發光方塊位於水面與山體之間，簡短文字貼近底部。|中央地標和倒影建立垂直軸線，讓場景具有明確的定位點。
59|B|p|以人的形象回應設計主張|灰白頁面中，人物肖像與左側大標題並置，額前光線形成焦點。|乾淨文字區和人物區明確分工，少量橙色提示主要操作入口。
60|B|3|用線框地形搭建工作室舞台|金色山脈線框與立體字標前後排列，背景光源集中在峰頂附近。|輪廓密度由近至遠改變，讓字標嵌入場景但仍保有辨識度。
61|R|c|以玩具感塑造更新封面|橙色獨角獸站上小型台座，暖色背景與投影構成單一色系。|同色系中的明暗差提供層次，適合比較材質與光源的表達。
62|R|t|把人與演算法並置為議題|白色介面疊於藍色紋理背景，中央襯線標題混入程式符號。|字體風格與程式記號之間的反差，形成議題本身的視覺隱喻。
63|R|i|以復古電腦回看網頁靈感|米色老式電腦位於藍底中央，螢幕內以彩色圖形強調網頁主題。|少量物件與強烈底色讓封面即使縮小仍易於辨認。
64|I|3|讓服飾成為數位展品|黑色畫面中央陳列懸浮衣物，小字與介面標記分佈四周。|展品被光線隔離出背景，周邊資訊保持低調的儀器感。
65|B|e|以多層畫框呈現影像創作|大幅黑白影像前疊上一張暖色作品，畫面邊界清楚可見。|外層情境與內層成果構成雙重觀看距離。
66|I|3|把網頁歷史做成回放物件|復古設備與 WEB 字樣集中於黑底中央，細線環繞主體。|熟悉的媒體物件提供時間線索，讓歷史主題具備可感知的入口。
67|B|p|以抽象化肖像建立個人識別|人物頭部被紅色流動形態改寫，姓名與專業資訊位於下方。|保留人物輪廓、改變局部細節，可以在熟悉與陌生間取得平衡。
68|B|e|把作品集攤開成創作桌面|包裝、版面與介面圖像環繞中心字標，形成高密度拼貼。|中間留白穩定品牌位置，周邊多樣作品展示創作跨度。
69|B|p|用室內材質傳達設計氣質|餐桌、座椅與綠色構件組成暖色室內照片，小標題置於角落。|相近色調與真實紋理讓畫面安定，材質細節承擔主要敘事。
70|R|3|把靈感凝結成一座浮島|長著綠植的岩塊懸浮於淺色背景，後方線框逐層退遠。|單一物件配合層疊邊界，展示有限元素如何創造深度。
71|B|p|把專業性置於人的工作場景|人物坐在辦公桌前，窗外城市與室內器物形成背景。|人物視線與桌面細節讓抽象服務有了具體的工作語境。
72|I|i|讓開發者社群成為可探索島嶼|紫綠角色與浮島排列於深色場景，標題保持在上方。|重複的島嶼形態暗示節點關係，文字則負責交代社群主題。
73|B|p|用電影瞬間建立影像入口|人物動作填滿背景，底部橫排多個縮圖提供作品線索。|大畫面營造情緒，小縮圖承擔選擇提示，兩者分工清楚。
74|T|t|以字母尺度形成個人招牌|大幅幾何字母排列於深綠背景，細小中文名形成縱向對照。|極大與極小文字共享基線關係，避免視覺反差變成雜亂。
75|T|p|把字體帶入時裝情境|三個拱形畫框展示衣物、人物與文字，柔和棕色包圍中央頁面。|字體不孤立展示，而是透過實際影像情境建立性格。
76|B|3|以一個手勢串聯創作物件|透明手掌與吊掛的小物形成中央組合，周圍以細字標注。|集中式主體容納多種形態，標記系統維持作品的展示秩序。
77|B|s|用少量元素說明農業產品|綠色背景上懸浮黑色圓角物件，品牌名稱放在左上。|單一材質主體與大片留白，使產品輪廓與色彩先被看見。
78|B|g|以中軸串起作品片段|白色頁面中，多張黑白作品沿垂直方向排列，兩側留出資訊空間。|穩定中軸能容納不同尺寸內容，形成連續的閱讀路徑。
79|B|t|以縮寫為影像公司建立標誌|白色窗口疊於深色人物影像前，藍色 NKD CITY 字樣佔據下半。|大字與影像分層，讓品牌識別在複雜背景上仍保持清楚。
80|U|3|讓產品零件解釋整體|滑雪器材與配件沿斜向分解排列，中央標題標示產品。|爆炸圖式的分離能展示組件關係，文字需要貼近對應層級。
81|R|s|從穿戴物件思考裝置未來|金屬指環置於淺色表面，柔和陰影強調曲面輪廓。|封面以一個物件提示話題；文章對未來裝置的論點仍需另行閱讀。
82|A|t|以留白閱讀二十四節氣|米色直式畫面中，中文豎排與英文小字相接，飛鳥散布邊緣。|大量留白和細緻字體建立安靜節奏，季節主題由少量圖像輕輕提示。
83|A|i|用微觀形態擴展想像世界|兩幅畫作充滿花朵般的生物與細密圖樣，色彩交織而繁複。|重複形態與尺度變化組成密度節奏，使微小元素形成整體景觀。
84|T|t|讓文字像宣言般佔滿版面|巨大英文標題與日文文字交錯，細框和小圖像穿插其間。|字級、語言與欄位形成多重層級，強烈密度仍需要閱讀順序。
85|U|u|以清晰主張打開音樂工具|黑色產品頁面置於柔和彩色背景前，中央白字搭配少量影像。|介面主張先行，裝飾維持次要層級，讓使用價值容易被辨認。
86|R|s|從白色的差異觀察材質|三件淺色扭曲形體懸掛在深色背景前，下方配置柱形台座。|同一色系依靠光影而非更多色彩，區分形體、表面與空間。
87|I|i|把作品集變成一個遊戲場景|低多邊形地景使用粉紫草地與藍綠天空，鍵盤圖示位於上方。|場景與操作提示並置，讓視覺探索同時具有可理解的起點。
88|U|t|以大字標題統一藝術平台|橙色背景上，白色高窄字標覆蓋大部分空間，數位頁面在前方漂浮。|大字建立品牌座標，小型畫面補充平台所承載的作品形態。
89|I|p|用森林氣氛打開敘事|深色林地包圍金色標題，纖細邊框圈出主要畫面。|暗部細節提供懸念，標題則以高對比確保明確入口。
90|A|i|讓幾何形態具有生活表情|紫色曲面、黃色圓形與小物件交錯，白色底面保持明亮。|重複的圓角與飽和色把不同物件組成同一視覺家族。
91|B|p|以身體姿態表達運動品牌|橙褐色背景中並置多個運動姿態，中央小字維持輕量。|肢體方向與畫面裁切形成節奏，影像本身承擔活力表達。
92|I|3|把購物節放入街機世界|彈珠機與多個螢幕置於暗色場景，霓虹文字佔據主要標牌。|熟悉的遊戲場域為商業主題加入情境，但行動入口仍需易於辨認。
93|U|g|讓影像搜尋從內容開始|白色頁面內分散多張影像縮圖，搜尋欄位位於中央。|搜尋操作與結果預覽共處一個畫面，直接交代產品的核心用途。
94|B|t|用大字為動態作品定調|黑白背景上排列大型 Motion Design 文字，小型資訊位於下方。|減少色彩干擾，讓字級與作品影像建立明確先後。
95|I|t|把童年主題轉成圓形字遊戲|紅色頁面中有兩組圓形文字與抽象輪廓，白線勾出邊界。|圓周排版改變閱讀方向，也把文字變成整體圖形的一部分。
96|R|s|讓標誌擁有金屬的重量|黑底中央展示金色立體標誌，透光線條勾勒複雜結構。|封面可用來觀察材質表達；製作步驟與工具能力需參考原文。
97|U|c|把金融產品說得更輕快|藍色絨毛般的曲線環绕黑色字標，小圖標點綴其間。|高窄粗體與柔軟形態形成反差，按鈕保持在標題下方。
98|I|p|讓產品更新具有故事畫面|古典人物與雲層組成場景，滑板等當代物件穿插其中。|跨時代元素的並置建立記憶點，也為更新主題提供敘事氛圍。
99|B|t|以極少資訊傳達投資定位|深藍近黑背景中，一句白色主標題集中在中央。|省略多餘圖形，使文案自身成為頁面的主要識別。
100|I|i|把節慶活動放入玩具工坊|扁平角色、禮物與機械裝置擠滿彩色場景，層次分區清楚。|一致的造型規則讓高密度插畫仍有統一感，適合主題式探索。
101|I|3|把姓名嵌進可探索世界|粉橙色立體村落中擺放車輛、建築與巨大的姓名字樣。|姓名成為地景的一部分，品牌身份與場景不再分離。
102|B|g|以影像窄片建立作品序列|多張人物與場景照片以狹長直幅排列，中央高低錯落。|統一寬度與不同高度形成節奏，留白讓影像之間保有間隔。
103|R|n|從範本集合比較頁面結構|收藏指向 2026 年 Framer 網站範本文章，附件未保存可用預覽。|可從原文比較範本的導覽、內容結構與行動版，而非以標題判斷品質。
104|A|i|把記憶化為圖形角色|大眼角色、植物與色塊交織，藍色與暖黃色形成主要對比。|曲線和顆粒感統一不同形態，使繁複構圖仍保持鮮明個性。
105|B|i|以插畫塑造時裝敘事|身披斗篷的人物立於風景中，襯線標題融入暖灰畫面。|服裝輪廓與人物姿態共同傳遞角色性格，文字只作輕量提示。
106|I|3|以中央象徵打開奇幻世界|長劍立於岩石之上，發光符號圍成圓環，冷色天空向後延伸。|中央軸線與環形標記把複雜符號收束為單一敘事焦點。
107|I|3|為文化物件建立數位展廳|淺色空間內排列高低不同的展板與展台，文物影像成為核心。|展台的深度和間隔引導觀看順序，展品邊界維持清楚。
108|B|i|用荒誕角色呈現工作室個性|張大嘴巴的人形與白色動物置於黑底，器材散布四周。|誇張比例與異質物件建立幽默感，也需要清楚文字補充服務定位。
109|A|p|從日常角落觀察空間敘事|暖光照亮書桌、螢幕與牆面小物，室內構圖安靜而完整。|生活細節提供尺度感，局部光源把注意力集中到工作區。
110|U|i|讓互動概念變得有表情|彩色環形角色搭配動作、互動與反應標籤，背景維持淺色。|角色表情承擔趣味，標籤提供概念的基本關係。
111|B|p|用孤立人物建立舞台焦點|灰底中央是一個人物，黃色數字與文字分別位於上下位置。|主體周圍保留大幅留白，使人物姿態和品牌符號容易辨認。
112|T|t|把作品名稱排成一道節奏|高窄白字沿左側密集排列，右側保留橙色山景。|文字列表與大幅影像各佔一區，讓索引本身成為視覺主角。
113|U|3|以機械語彙介紹動態工具|黑色畫面中，紅色模組與金屬結構沿斜向連接。|模組標注與產品形體共享位置，讓工具概念具有可見的組成關係。
114|A|e|讓人像與手繪線條互相滲透|人物照片被花卉圖形、鮮紅嘴唇與文字包圍，色彩高度飽和。|照片提供真實感，平面筆觸則改寫人物周圍的敘事空間。
115|B|i|把好奇心鋪成一張桌面|書本、植物與文具以扁平插畫排列，藍色文字框位於中央。|日常物件形成可親近的語境，統一描邊讓元素保持一致。
116|I|3|用多個世界探索動物未來|藍色頁面組合展示不同島嶼與動物場景，標題分佈於各個畫面。|共享色彩與版式建立系列感，各場景則保有不同敘事內容。
117|I|s|讓一塊石頭承擔空間氣氛|灰綠空間中，主要岩石與少量碎石形成極簡地景。|表面粗糙度、陰影和留白共同建立份量感，而非依靠裝飾。
118|T|t|以兩套字形呈現設計身份|黑色襯線職稱橫跨中央，藍色字母表在其後垂直排列。|不同字體系統的疊合形成焦點，輔助資訊保持小而清楚。
119|U|u|以柔軟圖標統一產品展示|圓潤的彩色圖標與淺色介面卡片組成多幅產品畫面。|統一光照、圓角與色彩規則，使圖標可在不同介面保持一致。
120|U|g|把角色變身展示成選項牆|多種人物造型排成方格，白色大字說明 Halloween AI Photo Booth。|結果示例先於長篇說明，讓使用者快速理解體驗的內容。
121|B|c|讓品牌像一朵明亮的花|飽和藍底上，一朵米白色立體花佔據中央，標誌位於角落。|強烈底色與簡單形態相配，建立縮小後仍清楚的品牌印象。
122|B|i|用角色邊框營造輕快氣氛|紫色背景中央保留字標，誇張角色從畫面邊緣探出。|角色分佈於四周，讓中央資訊擁有穩定且乾淨的位置。
123|I|3|讓字標成為空間中的裝置|白色字標橫跨深色方格場景，中央發光三角量體突出。|高對比幾何形態與字標共同建立焦點，角落小字補充資訊。
124|R|3|用角色雙視圖呈現設計細節|淺色背景展示同一角色的正面與側面，服裝和頭盔細節清楚。|多視角有助比較造型一致性，適合觀察角色設計的輪廓控制。
125|U|u|讓服裝展示與購買資訊同場|人物正側面與配件縮圖並列，灰白底色保持清楚的產品層級。|主產品大圖和下方部件分工，可作為研究電商資訊排序的起點。
126|B|g|把合作成果排成斜向序列|黑底上，多張小型作品畫面逐步升高，中央保留短句。|規律位置與不同內容形成張力，讓系列呈現不顯得單調。
127|A|c|以花朵檢視配色關係|紅橙底色中有兩朵花，白色字標與綠色莖葉形成少量對比。|小面積互補色能使主色更鮮明，而不必增加整體色彩數量。
128|B|3|把基礎設施轉成可讀模型|白色等角設備以線路連接，綠色路徑穿過能源與硬體物件。|減少材質干擾，使系統關係比個別物件裝飾更容易閱讀。
129|B|3|用掛件串起工作室服務|大型黑色標題下懸掛彩色小物，鏈條連接不同形態。|連接關係讓不同品牌資產共存，也形成一條自然的觀看路徑。
130|I|i|把訊息品牌變成一座小世界|塊狀白字包圍中心，建築與綠植組成球形聚落。|字形與場景共享立體語彙，使品牌名稱成為世界的一部分。
131|B|e|把作品集做成個人的數位桌面|人物肖像周圍散布小型作品圖，底部保留近似工具列的元素。|人的形象成為中心座標，多個作品則呈現創作興趣的延伸。
132|B|c|以色彩波形表達音樂氣氛|橙色與青色形成柔和波浪邊界，黑色字標保持在中央。|模糊色帶暗示聲音的連續性，簡潔文字避免與背景競爭。
133|B|3|把靈感保存在復古媒介裡|立體磁碟片懸浮於白底，左側工作室名稱與右側服務列表分列。|一個熟悉物件建立記憶點，兩側資訊則交代專業範圍。
134|T|i|字體與幾何工具共同構圖|黃色底面上放置紅藍幾何形體，黑色大字散布四角。|字形不只承載標題，也參與平衡中央物件的重量。
135|I|3|用霓虹地標建立城市方向|深色未來都市裡，綠色與紫色光環環繞道路和建築。|不同高度的光帶形成空間分層，中心通道提供明確視線方向。
136|A|s|把機械精度與神話圖像相接|黑底上陳列多隻鏤空腕錶，金色結構與藍色部件細節突出。|精細材質需要乾淨背景，才能看見工藝與圖案的關係。
137|B|e|讓影像工作室保持粗獷手感|黑色頁面散布白色手繪形態、影像片段與中央字標。|不規則邊緣與固定品牌位置並存，使自由構圖仍有核心。
138|A|g|在高密度像素世界中找秩序|等角空間佈滿人物、房間與器物，細小情節分佈不同區域。|一致的透視和尺度讓大量內容可被拼接成連續世界。
139|R|i|用工作場景作為更新封面|暖紅底色中央是一幅像素風工作室圖像，留白圍住小型畫面。|縮小展示能凸顯作品整體輪廓，也保留適合深入查看的細節。
140|I|i|以森林角色引導兒童探索|綠色森林中有小熊、木屋與歡迎標牌，標題佔據上半部。|角色、場景和按鈕共享圓潤造型，讓入口具有一致的親和力。
141|R|i|把設計回饋具象化為對話|插畫人物被多個評論氣泡包圍，淺色背景保持閱讀清楚。|氣泡呈現多種聲音，是切入回饋管理議題的視覺線索。
142|I|e|讓視窗像記憶一樣層疊|復古介面窗口與雕塑、棋盤地面交錯，紫色細節串連畫面。|視窗邊界讓異質內容可以並存，同時營造數位年代感。
143|B|3|讓個人品牌具有雕塑感|白色頁面中，金屬物件與人物並置，黑色大字佔據左側。|光滑材質與粗黑文字形成對照，個人身份與作品氣質相互呼應。
144|U|u|用可見操作說明編輯價值|黑色頁面上，主標題位於大型編輯面板之上，藍色用於局部重點。|把工具介面直接放進首頁，可縮短產品主張與操作想像的距離。
145|B|t|用字體比例建立專業感|襯線大標題與金屬球形物件共處淺色頁面，數據卡片在前景。|字體帶來編輯感，立體元素與數字則提供不同的信息層次。
146|B|g|讓音樂封面與留白對話|白色頁面中央只保留小型封面，下方圓形元素像唱片般定位。|以極少元素建立焦點，作品本身比裝飾更早被看見。
147|B|s|用流動形體統一作品集|粉色頁面中出現深色扭曲形體，下方放大白色字句。|曲面與大字產生尺度反差，有限色系使不同段落保持一致。
148|B|s|讓岩石成為頁面的基座|白色版面下方放置黑灰岩石，頂部短句交代設計主張。|自然粗糙表面對照乾淨文字，為簡潔構圖增加重量感。
149|U|g|用手機矩陣呈現介面系統|多個手機畫面並列，圓形控制、色塊與卡片反覆出現。|一致的元件語彙使不同功能可被視為同一套介面家族。
150|U|p|把金融介面置於開闊地景|山景與花田作為背景，中央放置金額與產品主張。|自然場景建立情緒，但決策資訊仍應靠清楚文字與層級呈現。
151|I|3|以人物與場景塑造音樂世界|人物騎著摩托車停在砂色地景中，周圍建築形態帶有手作感。|角色、交通工具與環境共同提供敘事線索，導覽則退到邊界。
152|U|u|讓產品頁也具有展示舞台|螢幕內的球鞋位於暖棕場景中央，名稱與選項在兩側排列。|產品形態是第一焦點，功能資訊與背景分層可保持操作清楚。
153|I|3|把互動能力做成精密遊樂場|白色底面上組成立體設備群，彩色模組環繞中央平台。|一致尺度與清晰路徑讓複雜物件群看起來有系統，而非隨機堆砌。
154|B|s|把想像放進柔軟的畫框|黑底上放置圓角厚框影像，襯線短句位於頂部。|模糊影像與實體般邊框形成反差，讓觀看距離成為設計的一部分。
155|B|t|讓字標抵住背景的速度|放射狀模糊色彩朝中央聚合，白色品牌字標橫跨整個畫面。|背景帶來動勢，穩定字標則提供可辨認的視覺錨點。
156|A|t|以暗色展窗閱讀藝術傳承|畫作與小型圖像散布深色頁面，大型襯線標題沿底部展開。|不同尺度作品由共同暗色空間連接，字體提供編輯式秩序。
157|B|e|把品牌人物與產品系統並置|人物肖像居中，手機、耳機與介面卡片散布四周。|中心人物建立情緒，周邊物件展示品牌延伸的不同接觸點。
158|U|p|用自然景觀降低工具距離感|山水與樹木鋪在頁面下半，產品介紹及品牌標誌集中在上方。|把資訊放在天空留白中，可讓景觀與閱讀各自保持完整。
159|U|s|以光影為音樂設備定調|幾何音響裝置陳列於黑灰背景，暖色光線沿底部延伸。|限制高光位置，使不同設備的材質與輪廓成為主要閱讀內容。
160|B|c|讓品牌幽默直接出現在臉上|人物近景配合鮮藍背景，綠色粗體標語覆蓋臉部下方。|不尋常表情與強色文字共同建立記憶點，呈現廣告般的直接性。
161|B|t|用出生日期建立個人敘事|巨大的黃色日期佔據畫面，背景保留暖光中的人物剪影。|日期取代一般標題成為入口，把個人時間線轉成識別元素。
162|I|3|把品牌快閃店搬進數位場景|粉色陳列空間與青綠房間前後相接，產品散布不同台面。|房間色彩區分場域，通道與拱門形成自然的觀看方向。
163|A|s|讓珠飾紋理覆蓋角色全身|長耳帶翼角色佈滿彩色珠飾圖案，大眼與輪廓保持清楚。|高密度表面依靠穩定外形保持辨識，適合觀察裝飾與輪廓的平衡。
164|U|3|把去背工具隱喻為洗衣店|一排洗衣機延伸進暖色霧氣，品牌字樣位於頂部。|熟悉的清洗場景提供功能聯想，實際操作仍需明確入口與說明。
165|B|n|保留工作室的原始入口|附件保存了 Naya Studio 的名稱與連結，但未保存可用預覽。|此條目作為完整收藏的一部分保留，不以其他工作室圖片代替。
166|B|g|用幾何秩序表達創意入口|黑底畫面被細線分區，圓形與拱門線條構成中央圖形。|重複線距和嚴格邊界建立系統感，底部大字再交代品牌概念。
167|I|g|以視覺結構提出感知問題|白色版面上，黑色圓點沿網格分佈，少量彩色圓點形成差異。|同形元素的變化能引導注意；不能僅憑圖形推定個人的醫療體驗。
168|B|p|以山景建立品牌的尺度感|雪山與雲霧構成近乎全白的畫面，字標位於中左位置。|低彩度自然場景提供開闊感，細字需要保留足夠對比。
169|R|c|以一頂帽子表達多種色彩|橙色帽子置於黑底，水平彩色帶橫穿主體。|熟悉物件承載抽象配色概念，可比較色帶如何改變整體氣質。
170|B|p|把設計空間作為品牌肖像|彩色藝術品與家具排布在長形室內，視線沿走道向後延伸。|場景細節呈現創作氣質，空間透視把多種物件整合為一幅圖像。
171|B|3|以居住膠囊連接自然想像|圓角小屋置於荒野，暖色室內光透過大幅玻璃被看見。|冷暖色與內外空間形成對照，使居住尺度成為情感焦點。
172|B|p|用鮮明人像打開品牌個性|黃色背景襯托彩妝人物近景，短標題集中在臉部下方。|妝容、服裝和背景共同控制主色，讓人物成為完整的品牌畫面。
173|B|p|讓網路文化以人物形象現身|人物穿著紅色上衣並手持手機，背景投影與圖形形成層次。|具體姿態直接提示線上生活主題，編輯氛圍先於文章列表出現。
174|B|p|讓絲巾像畫作一樣展開|多條印花絲巾沿水平方向懸浮，下方襯線標題交代主題。|統一展示尺度讓花紋差異可被比較，保留布料曲面則傳達材質。
175|R|t|把歷史時間線做成強烈標題|黑色粗體文字圍繞歷史建築圖像，年代數字位於上方。|標題與史料形成上下節奏，適合觀察歷史敘事的資訊分級。
176|I|c|以色彩和物件引出自我探索|粉紫護照物件浮於橙藍漸層前，白色大字由兩側延伸。|中央物件是敘事隱喻，頁面下方的提問提供進一步探索方向。
177|U|3|以發光防護形態表達安全|紫色發光量體位於黑色介面中央，左側文案交代服務定位。|光線集中在象徵性主體，文字層級負責把抽象意象連到產品。
178|R|i|讓科技封面帶有幽默表情|藍色角色做出手勢，深藍背景中保留少量雲形裝飾。|單一色系依靠明暗和輪廓區分元素，角色姿態建立親和力。
179|B|p|以人物姿態呈現創作者氣質|長髮人物站在白色背景前，黑色服飾與高亮輪廓形成對比。|把人物隔離於簡潔場景，可讓姿態與材質成為主要敘事。
180|U|t|讓服務主張與物件分工|右上放置多行粗體標題，下方產品包裝集中成小型組合。|清晰文字先交代用途，物件只補充商業使用場景。
181|I|3|把時裝展示延伸為異世界|橙色人物站於粉色雲層前，頭部環形結構包圍懸浮球體。|時裝與幻想形態共用色系，讓服飾身份融入完整場景。
182|T|g|用工程線條承托大型字標|深灰背景充滿細線矩形，大幅字標沿右下排列。|介面般的線框建立技術語境，字級反差維持閱讀優先順序。
183|A|i|把熟悉錯誤畫面帶入現實|立體恐龍與仙人掌置於斷網訊息上方，原本的介面語句被保留。|熟悉文案與新材質形成幽默，重新詮釋仍需保留可辨認的符號。
184|R|e|從動畫文章回看頁面結構|灰色頁面展示大型設備影像，角落嵌入人物剪影窗口。|可先比較主畫面與輔助窗口的關係；動畫效果需前往原文或原站查看。
185|B|p|讓人物剪影成為首要畫面|黑色側面人像佔據灰底中央，右下小窗顯示室內影像。|大幅剪影與次要窗口建立雙層敘事，作品之間共享穩定介面框架。
186|B|p|用相同框架容納不同主體|設備影像成為主畫面，人物剪影則出現在右下小窗。|與同名另一筆收藏互看，可觀察相同版式如何容納不同內容狀態。
187|R|t|讓刊物封面表達文化交織|黑色印刷品上交錯紅色形態與淺色曲線字，背景呈現紙張質感。|連續線條把字形與圖案相接，適合從編輯設計角度閱讀文化議題。
188|I|s|以光的反射營造奇幻展台|白色貝殼立於深色水面，波紋高光與放射細線包圍主體。|反光紋理建立環境感，單一明亮物件則維持畫面焦點。
189|B|t|以一個色點打破理性排版|白色畫面上排列大型黑字，綠色圓形置於詞語之間。|少量識別元素介入文字，使極簡版面仍有明確個性。
190|A|s|用柔和輪廓觀察機器人物件|白色機器人側面以近景呈現，黑色面罩與淺色外殼形成對照。|圓潤邊緣與低彩度材質影響第一印象；能力與安全性需另外核實。
191|U|g|用小型模型展示體素創作|方塊狗置於等角框架中，色彩與形體沿網格拼接。|限制單元尺寸讓造型方法清楚，可從尺度與輪廓辨識研究工具輸出。
192|U|u|把材質工具的結果放在中央|深色面板中展示銀色標誌，右側調整欄位保持精簡。|即時結果與控制區域並置，是理解材質工具介面的一個清晰範例。
193|B|t|把品牌創作比喻為料理|盤子般的形態後方襯托多種字體，大字與手寫曲線交錯。|粗體提供資訊份量，流暢字形帶來手作與感官聯想。
194|U|s|讓科技產品具有可親近外形|白色機器人頭部以側面特寫展示，面罩線條保持連續而簡潔。|硬體設計的材質和邊緣會影響親近感，但不能替代功能說明。
195|R|e|保留同一作品的推薦視角|橙底上並置音樂設備頁面與推薦卡片，兩種資訊各有清楚邊界。|與原作品條目對照，可區分推薦內容與產品本身的視覺表達。
196|A|p|讓建築照片承載社會議題|航拍照片記錄佈滿塗鴉的大型建築，文字圖樣覆蓋多個牆面。|圖像可觀察空間尺度與表面密度，社會脈絡仍需閱讀原文理解。
197|I|3|以入口形態引向遙遠世界|圓形機械結構置於深色場景，白色粗體標題橫跨中央。|門戶般的輪廓提供敘事方向，重複機械細節建立世界觀。
198|U|u|以器材面板直接呈現音樂工具|黑色音樂設備陳列於白色頁面，巨大 OP—XY 字樣位於下方。|控制元件以實體布局展示，視覺上把功能和硬體形態連在一起。
199|R|g|以點陣建立封面的秩序|圓形黑點沿規律排列，橙色弧線與中央符號形成局部重點。|簡單單元透過密度和曲率改變，可以產生完整的視覺節奏。
200|B|p|把品牌宣言放進動作場景|人物在藍色室內面向觀眾，白色宣言跨越畫面下方。|人物動作提供能量，文字以大尺度把情緒轉成清楚的品牌主張。
201|I|p|讓風景成為紀錄片入口|湖面映出山脈與天空，白色 ICEBERG 字樣水平置中。|倒影建立對稱穩定性，主標題以對比清楚切入自然景觀。
202|U|g|用棋盤格統一商品選擇|黃色背景中的頁面展示放大帽子，右側排布多個顏色選項。|主商品與選項區域分工明確，棋盤格提供連續的品牌語言。
203|R|n|保留 AI 影像創作的文章線索|原收藏以 Our First AI TV Show! 為題，附件未保存可用預覽。|不由標題推斷製作流程或成片品質；可從原站查看作品與方法說明。
204|U|3|讓服飾成為獨立展品|藍色漸層中懸浮深色上衣，彩色小標誌點綴衣面。|孤立產品輪廓便於查看圖案，下方左右箭頭清楚提示切換方向。
205|B|n|保留設計公司的收藏入口|Huge 的名稱、簡介與原始連結仍在附件內，但沒有可用圖片。|此條目保留來源資訊，等待以原站內容觀察品牌與作品展示方式。
206|A|p|從真實使用場景理解產品|車內托盤放在座位上，手機、筆記本與小物標示其使用尺度。|情境照片能說明物件與身體空間的關係，比孤立產品圖更具體。
207|A|g|以留白建立小型作品展牆|不同尺寸插畫與照片散布在白色頁面，中央文字保持克制。|錯落位置帶來輕快節奏，足夠間距讓每張圖像有獨立觀看空間。
208|R|c|用螢光字提示趨勢主題|灰色立體曲面作為背景，螢光黃大字標示網頁設計與年份。|對比讓標題易於辨認；趨勢是否適用仍應逐項閱讀與比較。
209|U|n|保留購物節機器的設計線索|Stripe bfcm machine 條目保留了作品名稱與來源，附件未含可用預覽。|可從原站研究資料如何被轉成可視化體驗，不把標題當成實測結果。
210|U|u|以鍵盤形態說明音樂介面|灰白頁面上放置小型鍵盤，巨大字母與數字在後方排布。|鍵位和旋鈕維持熟悉的硬體語彙，文字則形成清楚品牌識別。
211|B|c|讓個人名字與角色同樣醒目|鮮紅底色上方放置粉色大字，黑粉角色站在畫面中央。|名字與角色共用強烈配色，把個人身份與創作風格直接連接。
212|U|s|以自然物件襯托精密產品|黑色柱狀產品立於沙色場景，枯木從後方橫向伸展。|自然紋理與平滑機身形成材質對照，產品保持清晰輪廓。
213|U|s|用產品正面建立清晰識別|黑色相機位於藍白柔光前，鏡頭與標誌清楚可見。|正面構圖突出各個控制位置，背景光暈只負責分離輪廓。
214|B|s|讓一條連續曲線說明創意|橙紅背景上，粉色片狀形體沿彎曲軌跡連接。|重複單元隨方向變化形成節奏，少量文字不干擾主要形態。
215|U|g|用輕量線路呈現資料系統|淺色頁面上散布小型節點與細線，標題位於上方中央。|低對比背景營造清楚空間，關鍵連接仍需要有足夠可見性。
216|B|e|讓多個作品共享一塊亮底|黃色背景包圍中央作品拼貼，不同海報各自保留色彩和字形。|統一外框讓差異化作品形成集合，而不是要求所有內容同一風格。
217|T|t|把字母當作材質展示窗口|大型 DIPSY 字標佔據白底，部分字母填入影像和色彩。|統一字形輪廓承載不同材質，使字標既穩定又具有變化。
218|R|g|以縮圖陣列比較網站範本|藍色背景中央放置 Framer 圖形，周圍排列不同網站畫面。|封面表達集合概念；比較範本時應回到各自的內容與導覽需求。
219|U|u|把建立應用的流程放在首頁|深色長頁上方呈現輸入區域，下方依序排列功能說明與介面卡片。|輸入入口先行，後續內容再補充流程，讓工具主張與操作起點相連。
220|A|i|以玩具廣告語彙製造反差|孩童與擬人玩具同框，畫面混入誇張醫療設備和鮮亮招牌。|熟悉廣告構圖被異常物件改寫，形成帶有荒誕意味的視覺故事。
221|U|s|把醫療設備呈現為精簡物件|小型圓形設備置於深藍畫面中央，主標題在上方。|孤立輪廓便於辨認產品；效果與醫療用途仍需以原始說明核實。
222|B|n|保留行動應用設計的參考入口|Polecat Agency 的來源連結與題名完整保留，但附件沒有可用預覽。|適合前往原站比較行動應用案例如何說明流程、成果與介面細節。
223|R|t|讓年份成為徵選活動主視覺|巨大的 2024 數字放在黑底上，下方以橙色區塊標示投票。|年份建立事件識別，行動區塊用獨立色彩區分資訊與操作。
224|I|3|用一張凝視的臉打開探索|豹頭近景置於深色空間，細小光點與文字分佈周圍。|眼神建立直接觀看關係，暗底讓毛皮與輪廓保持突出。
225|B|3|用發光形態傳達數位能量|藍色光柱照亮深色中央人物，左側白字交代區塊鏈設計主題。|高亮區域建立視覺中心，標題與服務定位則保持在較平靜的背景上。
226|B|e|把詩意地景編排成敘事|綠色風景與建築、動物小圖相互疊合，白色頁面保留大幅空間。|多尺度影像像記憶片段般排列，讓內容關係先於線性說明出現。
227|B|p|以雙幅攝影呈現不同觀看角度|建築環境與人物黑白照並置，細小紅色標記分佈頁面邊緣。|左右影像共享高度和邊界，差異內容因而具有可比較的秩序。
228|A|s|讓年度色彩成為可觸摸形體|三塊棕灰岩石懸浮於灰底，纖細白字跨越畫面。|把配色置入材質能展示色彩的不同表現，但仍需兼顧文字對比。
229|R|g|用幾何拼圖整理封面秩序|圓形、半圓和方格排列成正方形，周圍保留大幅淺色邊界。|有限幾何單元依靠比例和色彩變化，形成完整的視覺節奏。
230|R|i|以握手圖像表達合作線索|紫底中央放置彩色插畫，握手姿態與圓形天體共同構圖。|熟悉姿勢提供易辨認的主題線索，周圍留白保持封面清楚。
231|B|p|讓概念車以色彩建立態度|青藍車身置於粉色場景，低視角突出寬大車尾與線條。|大面積異色對比比更多裝飾更能凸顯產品輪廓與性格。
232|I|i|把聖誕入口做成角色卡片|胡桃鉗角色站在直式卡框中，暗紅背景點綴細小亮點。|角色、標牌與邊框形成單一入口，適合短而明確的節慶體驗。
233|U|3|把 AI 陪伴放入雲端場景|藍色天空下陳列一台顯示器，兩側雲層包圍中央空間。|襯線主張與復古裝置形成反差，產品用途仍由簡短文案交代。
234|A|p|以空間照片閱讀居住設計|植被圍住圓形建築入口，暖光從落地玻璃內透出。|曲線建築與自然地形相接，照片能揭示內外空間如何轉換。
235|R|g|把技術歷程排成軌道|白色頁面上排列多層細弧線，品牌色的小標記沿軌道分佈。|抽象時間線提供連續感，具體事件和歷程仍需進入原站閱讀。
236|B|e|讓創意資產在黑底上飛行|彩色物件和文字以斜向聚合，白色品牌字標佔據上方。|高密度素材靠共同方向建立動勢，留白使品牌名稱保持可讀。
237|I|3|用娛樂街區聚合多種內容|紫色立體城市佈滿遊戲物件、霓虹標牌與不同建築。|多個主題共享同一場域，透視與統一光照防止元素彼此脫節。
238|B|t|讓字母成為品牌雕塑|白色立體 A 懸浮於黑色介面中，彩色長條出現在外層背景。|字母同時是識別與物件，前後色彩層級維持清楚界線。
239|U|c|用分欄色彩整理家電展示|藍色區塊以氣球帶起家電，橙色側欄陳列另一組產品。|色塊同時分隔內容和傳達品牌活力，商品仍保有清楚輪廓。
240|B|e|把十年作品排成一段回顧|黑底大字標示週年，多幅作品框在前景前後疊置。|時間主題由文字交代，作品縮圖則提供具體回顧內容。
241|B|p|以觀看者視角打開影片|人物從紙箱內部的視角看向觀眾，頁面資訊貼近邊緣。|不尋常鏡位形成故事入口，讓觀看角度本身具有設計性。
242|B|p|讓活動氛圍成為品牌內容|人群照片充滿肢體動作與暗色燈光，白色文字位於下方。|現場情緒是主要視覺資產，文字使用高對比以維持資訊清楚。
243|R|n|保留年度網頁趨勢的閱讀入口|此收藏指向 Muzli 的 2025 網頁設計趨勢文章，附件未含可用圖片。|可按版式、動效、效能與可及性逐項比較原文案例，不直接採信標題結論。
244|U|p|讓燈具在工作情境中被理解|人物伏案工作，長條燈具照亮桌面，產品名稱疊在暗部。|照明範圍與人的尺度共同說明使用情境，性能數據仍需原站核實。
245|B|s|以光影切面建立數位秩序|黑灰方塊排列成深淺不一的地面，白光沿部分邊緣顯現。|重複單元配合局部高光，讓抽象技術主題具備可辨認形態。
246|B|e|用高密度作品建立編輯氣質|紅色外框包圍黑色網站，多張海報和字體作品排成格狀。|統一分隔線與品牌區域，使風格差異很大的內容仍有閱讀秩序。
247|T|t|讓巨型字標與幾何基座對話|白底上方放大黑色字標，下方三條立體長方形包含一抹紅色。|黑白文字提供理性基調，單一強調色建立鮮明記憶點。
248|B|g|以清楚群組展示大量作品|白色頁面分成多組網站縮圖，序號與標題沿各組排列。|一致的縮圖尺度與群組間距，讓大量作品可以被快速掃讀。
249|U|p|用一隻手說明產品尺度|手掌托起銀色小型電腦，黑色名稱位於機身上方。|真實身體提供尺寸參照，簡潔背景避免分散產品焦點。
250|B|i|把創意公司表達為紙飛機群|藍色背景上漂浮白綠紙飛機，大幅白字位於左上。|相同造型透過大小與方向變化建立節奏，品牌名稱保持清楚。
251|I|3|用門框打開夢境式展覽|粉色拱門內充滿雲層，白色展覽標題位於中央。|建築框架界定現實與想像的邊界，中央留白維持入口資訊。
252|R|u|以金融介面切入 AI 功能討論|深色手機面板與數據圖表疊在紫色背景前，旁側文字標示管理主題。|介面封面能說明討論方向，但不能據此認定功能可用或效果已驗證。
253|T|e|把字體作品鋪成彩色展牆|海報與字形作品密集拼貼，藍色膠囊式區塊標示兩個創作方向。|作品密度展現多樣性，少量穩定導覽區讓觀看有落點。
254|U|3|讓行動介面進入異質世界|手機被岩石與植被包圍，螢幕綠色光線成為中央焦點。|真實裝置與想像地景產生反差，產品畫面仍需保持可辨識。
255|I|3|把服務場景展開成剖面模型|多層房間以剖面形式堆疊，柔和彩色物件分佈不同空間。|開放式剖面讓多種活動同時可見，統一比例維持全體秩序。
256|A|i|以角色近景引出展覽主題|毛絨角色的大眼以紅白螺旋呈現，灰白背景突出怪誕表情。|放大具有辨識度的局部，比完整場景更快建立展覽的視覺聯想。
257|T|3|讓文字在透視空間中表演|藍白棋盤空間包圍黑色頭形，藍色大字與兩側文字共存。|文字的位置與透視連接；具體動畫方式需前往原作品查看。
258|B|p|以人物與專業領域共同定位|暗色場景中的人物坐於椅上，下方粗體字標出金融與 Web3。|人物建立個人身份，放大的領域文字則直接交代專業定位。
259|U|u|把狀態顯示器放進操作瞬間|手指按向桌上裝置，紅色 BUSY 字樣與白色時間數字清楚可見。|使用動作和顯示結果同框，使產品用途不依靠長篇文字解釋。
260|B|n|保留創意工作室的參考線索|THE HYPERSONIC STUDIO - Mach 的名稱與原站連結已保存，附件沒有預覽。|可由原站觀察工作室如何連接品牌識別、作品展示和服務定位。
261|T|t|把思考口號拆成字與圖|黑色高窄字與淺色介面影像交錯，白底上有少量黃色標籤。|文字分段為影像留出空間，使口號與實際作品共同構圖。
262|A|i|用強色背景承托厚重角色|灰黑盔甲角色佔據大部分畫面，橙色背景與白色字標形成對比。|外輪廓與材質細節分層處理，角色在高密度描繪下仍保持辨識。
263|B|p|把猴子形象轉成品牌雙關|戴紅色眼鏡的猴子位於黑底，大幅白字分列上下。|角色造型與標語共同建立幽默，有限強調色避免畫面失焦。
264|B|t|讓項目名稱構成作品集入口|粉色頁面中垂直排列項目名稱，周邊小幅作品及手繪人物點綴。|文字索引先提供範圍，再由小圖補充內容，使導覽本身成為排版。
265|B|t|以文字節奏傳達設計理念|白色頁面的大型短句逐行錯位，黃色外框保持明亮。|不同長度的行文製造節奏，小型人物插圖只作輕量補充。
266|B|e|把工作室思考攤成視覺板|便箋、文章、人物照片與產品圖像覆蓋白底，中心字標穿插其中。|資料板式構圖呈現多種創作線索，仍以品牌位置維持整體核心。
267|B|c|以一抹紅色統一工作室個性|紅底上漂浮多個金屬花形，黑色字標橫跨畫面。|背景強色建立整體身份，重複物件則提供形態與光影變化。
268|B|p|讓人物輪廓成為影像窗口|不規則裁切中呈現戴耳機的人物，周圍淺色空間維持簡潔。|裁切輪廓與人物姿態相互呼應，讓影像展示具有獨立識別。
269|B|g|把作品集排成輕快卡片牆|圓角卡片承載影像、人物與彩色字標，粗細比例多有變化。|統一間距與圓角把多種視覺整合，仍保留作品本身的個性。
270|B|p|以大幅角色影像展示視覺能力|裝飾繁複的人物肖像佔據背景，右下小縮圖提供作品線索。|高細節畫面建立氣氛，精簡導覽與縮圖保持在穩定位置。
271|R|t|讓活動名稱跨越整個版面|黑白人物影像被細線分區，大型 Digital Design Days 分散排列。|名稱的空間分佈形成海報感，日期與活動資訊需要獨立層級承載。
272|I|n|保留主題式互動作品入口|Bid(s) for Survival 的名稱及來源仍可追溯，原附件未保存預覽。|可從原站確認作品主題與操作方式，再分析互動如何服務於敘事。
273|I|n|保留遊戲世界的收藏記錄|Zentry 的題名與原站入口完整保存，附件中沒有可用圖片。|遊戲經濟與平台主張僅來自原題名，視覺與操作體驗需在原站查看。
274|I|3|用聚光燈打造未知世界入口|太空人懸於黑色空間，上方橢圓光源與下方地面形成軸線。|單一角色和明確光源建立敘事張力，周圍留白維持探索氣氛。
275|B|t|用一句職稱建立作品集秩序|白色背景中央是粗體 Creative Web Designer，作品小圖位於下方。|以文字先交代身份，再讓作品補充證據，適合簡潔的個人展示。
276|B|g|把城市線框化為工作室背景|黑底透視線條構成建築場景，白色文字分為三行。|線框提供空間感而不增加材質噪音，標題維持最高閱讀優先級。
277|R|n|保留設計教育系列的閱讀入口|DES® by Obys® 的系列名稱與原站連結完整保留，附件未保存可用預覽。|可從原站比較每個教學主題如何結合示例、文字與互動演示。
